{
	"system" : {
		"platform" : "windows64",
		"os_name" : "Windows 10",
		"os_version" : "10.0"
	},
	"error" : {
		"executable" : "quartus",
		"comment" : "not_applicable",
		"error_message" : "Access Violation at 0X0000000077716116",
		"source_file" : "unknown",
		"line" : "0",
		"stack_trace" : "\t 0x77716115: QtGui4 + 0x3a6115 (?qt_metacast@QMdiArea@@UEAAPEAXPEBD@Z + 0x475)\n\t 0x77717210: QtGui4 + 0x3a7210 (?resizeEvent@QMdiArea@@MEAAXPEAVQResizeEvent@@@Z + 0x240)\n\t 0x773d0bcd: QtGui4 + 0x60bcd (?event@QWidget@@MEAA_NPEAVQEvent@@@Z + 0x50d)\n\t 0x776f2676: QtGui4 + 0x382676 (?event@QFrame@@MEAA_NPEAVQEvent@@@Z + 0x36)\n\t 0x77e1f802: QtCore4 + 0x10f802 (?sendThroughObjectEventFilters@QCoreApplicationPrivate@@QEAA_NPEAVQObject@@PEAVQEvent@@@Z + 0x82)\n\t 0x77392e81: QtGui4 + 0x22e81 (?notify_helper@QApplicationPrivate@@QEAA_NPEAVQObject@@PEAVQEvent@@@Z + 0xe1)\n\t 0x77392b2f: QtGui4 + 0x22b2f (?notify@QApplication@@UEAA_NPEAVQObject@@PEAVQEvent@@@Z + 0x17bf)\n\t 0x77e1d92b: QtCore4 + 0x10d92b (?notifyInternal@QCoreApplication@@AEAA_NPEAVQObject@@PEAVQEvent@@@Z + 0x7b)\n\t 0x774089b6: QtGui4 + 0x989b6 (?setGeometry_sys@QWidgetPrivate@@QEAAXHHHH_N@Z + 0xa76)\n\t 0x773dc270: QtGui4 + 0x6c270 (?setGeometry@QWidget@@QEAAXAEBVQRect@@@Z + 0xb0)\n\t 0x777640f0: QtGui4 + 0x3f40f0 (?layoutChildren@QAbstractScrollAreaPrivate@@QEAAXXZ + 0x5e0)\n\t 0x777198c7: QtGui4 + 0x3a98c7 (?currentPlatform@QApplicationPrivate@@SAIXZ + 0x917)\n\t 0x77718fff: QtGui4 + 0x3a8fff (?currentPlatform@QApplicationPrivate@@SAIXZ + 0x4f)\n\t 0x77719b0a: QtGui4 + 0x3a9b0a (?viewportEvent@QMdiArea@@MEAA_NPEAVQEvent@@@Z + 0x17a)\n\t 0x77e1f802: QtCore4 + 0x10f802 (?sendThroughObjectEventFilters@QCoreApplicationPrivate@@QEAA_NPEAVQObject@@PEAVQEvent@@@Z + 0x82)\n\t 0x77392e81: QtGui4 + 0x22e81 (?notify_helper@QApplicationPrivate@@QEAA_NPEAVQObject@@PEAVQEvent@@@Z + 0xe1)\n\t 0x77392b2f: QtGui4 + 0x22b2f (?notify@QApplication@@UEAA_NPEAVQObject@@PEAVQEvent@@@Z + 0x17bf)\n\t 0x77e1d92b: QtCore4 + 0x10d92b (?notifyInternal@QCoreApplication@@AEAA_NPEAVQObject@@PEAVQEvent@@@Z + 0x7b)\n\t 0x7771b511: QtGui4 + 0x3ab511 (?closeEvent@QMdiSubWindow@@MEAAXPEAVQCloseEvent@@@Z + 0xa1)\n\t0x7ffa0894e5e2: SYS_QUI + 0x3e5e2 (?closeEvent@QUI_MDI_SUB_WND@@MEAAXPEAVQCloseEvent@@@Z + 0x182)\n\t 0x773d0be1: QtGui4 + 0x60be1 (?event@QWidget@@MEAA_NPEAVQEvent@@@Z + 0x521)\n\t 0x77392e95: QtGui4 + 0x22e95 (?notify_helper@QApplicationPrivate@@QEAA_NPEAVQObject@@PEAVQEvent@@@Z + 0xf5)\n\t 0x77392b2f: QtGui4 + 0x22b2f (?notify@QApplication@@UEAA_NPEAVQObject@@PEAVQEvent@@@Z + 0x17bf)\n\t 0x77e1d92b: QtCore4 + 0x10d92b (?notifyInternal@QCoreApplication@@AEAA_NPEAVQObject@@PEAVQEvent@@@Z + 0x7b)\n\t 0x773ce260: QtGui4 + 0x5e260 (?close_helper@QWidgetPrivate@@QEAA_NW4CloseMode@1@@Z + 0xb0)\n\t0x7ffa089348b5: SYS_QUI + 0x248b5 (?close_all_in_list@QUI_FRAME_WND@@IEAA_NV?$QList@PEAVQMdiSubWindow@@@@PEAVQMdiSubWindow@@U_GUID@@@Z + 0x215)\n\t0x7ffa08934a02: SYS_QUI + 0x24a02 (?close_all_windows@QUI_FRAME_WND@@QEAA_NU_GUID@@@Z + 0x102)\n\t0x7ffa089345a1: SYS_QUI + 0x245a1 (?closeEvent@QUI_FRAME_WND@@MEAAXPEAVQCloseEvent@@@Z + 0x1e1)\n\t 0x773d0be1: QtGui4 + 0x60be1 (?event@QWidget@@MEAA_NPEAVQEvent@@@Z + 0x521)\n\t 0x77709d30: QtGui4 + 0x399d30 (?event@QMainWindow@@MEAA_NPEAVQEvent@@@Z + 0x280)\n\t 0x77392e95: QtGui4 + 0x22e95 (?notify_helper@QApplicationPrivate@@QEAA_NPEAVQObject@@PEAVQEvent@@@Z + 0xf5)\n\t 0x77392b2f: QtGui4 + 0x22b2f (?notify@QApplication@@UEAA_NPEAVQObject@@PEAVQEvent@@@Z + 0x17bf)\n\t 0x77e1d92b: QtCore4 + 0x10d92b (?notifyInternal@QCoreApplication@@AEAA_NPEAVQObject@@PEAVQEvent@@@Z + 0x7b)\n\t 0x773ce258: QtGui4 + 0x5e258 (?close_helper@QWidgetPrivate@@QEAA_NW4CloseMode@1@@Z + 0xa8)\n\t 0x773f7956: QtGui4 + 0x87956 (?winMouseButtonUp@QApplication@@SAXXZ + 0x1006)\n\t0x7ffa369e83f0: USER32 + 0x183f0 (DispatchMessageW + 0x740)\n\t0x7ffa369e80ab: USER32 + 0x180ab (DispatchMessageW + 0x3fb)\n\t0x7ffa369f31dc: USER32 + 0x231dc (GetClassLongW + 0x58c)\n\t0x7ffa388d4213: ntdll + 0xa4213 (KiUserCallbackDispatcher + 0x23)\n\t0x7ffa35e31553: win32u + 0x1553 (NtUserMessageCall + 0x13)\n\t0x7ffa369e6804: USER32 + 0x16804 (GetDlgCtrlID + 0x5c4)\n\t0x7ffa369e6311: USER32 + 0x16311 (GetDlgCtrlID + 0xd1)\n\t0x7ffa3023b4ff: uxtheme + 0x1b4ff (Ordinal43 + 0x26f)\n\t0x7ffa30223101: uxtheme + 0x3101 (GetThemeEnumValue + 0x131)\n\t0x7ffa3022b73b: uxtheme + 0xb73b (ThemeInitApiHook + 0x1d4b)\n\t0x7ffa3022a1c0: uxtheme + 0xa1c0 (ThemeInitApiHook + 0x7d0)\n\t0x7ffa369e6494: USER32 + 0x16494 (GetDlgCtrlID + 0x254)\n\t 0x7786bbf7: QtGui4 + 0x4fbbf7 (?widgetDestroyed@QInputContext@@UEAAXPEAVQWidget@@@Z + 0x307)\n\t 0x773f7915: QtGui4 + 0x87915 (?winMouseButtonUp@QApplication@@SAXXZ + 0xfc5)\n\t0x7ffa369e83f0: USER32 + 0x183f0 (DispatchMessageW + 0x740)\n\t0x7ffa369e80ab: USER32 + 0x180ab (DispatchMessageW + 0x3fb)\n\t0x7ffa369f31dc: USER32 + 0x231dc (GetClassLongW + 0x58c)\n\t0x7ffa388d4213: ntdll + 0xa4213 (KiUserCallbackDispatcher + 0x23)\n\t0x7ffa35e314d3: win32u + 0x14d3 (NtUserPeekMessage + 0x13)\n\t0x7ffa369f1cfe: USER32 + 0x21cfe (PeekMessageW + 0x1ce)\n\t0x7ffa369f1bcb: USER32 + 0x21bcb (PeekMessageW + 0x9b)\n\t 0x77e42663: QtCore4 + 0x132663 (?processEvents@QEventDispatcherWin32@@UEAA_NV?$QFlags@W4ProcessEventsFlag@QEventLoop@@@@@Z + 0x243)\n\t 0x773f0eb4: QtGui4 + 0x80eb4 (?openPopup@QApplicationPrivate@@QEAAXPEAVQWidget@@@Z + 0x204)\n\t 0x77e1a88b: QtCore4 + 0x10a88b (?exec@QEventLoop@@QEAAHV?$QFlags@W4ProcessEventsFlag@QEventLoop@@@@@Z + 0x22b)\n\t 0x77e1ce6f: QtCore4 + 0x10ce6f (?exec@QCoreApplication@@SAHXZ + 0xdf)\n\t0x7ff7cb1e197b: quartus + 0x197b (?qgq_main@@YAHHPEAPEBD@Z + 0x7b)\n\t0x7ffa14322e98: CCL_MSG + 0x12e98 (?msg_main_thread@@YAPEAXPEAX@Z + 0x18)\n\t0x7ffa1432467e: CCL_MSG + 0x1467e (?msg_thread_wrapper@@YAPEAXP6APEAXPEAX@Z0@Z + 0x6e)\n\t0x7ffa14426660: ccl_mem + 0x16660 (?mem_thread_wrapper@@YAPEAXP6APEAXPEAX@Z0@Z + 0x70)\n\t0x7ffa14322761: CCL_MSG + 0x12761 (?msg_exe_main@@YAHHPEAPEBDP6AHH0@Z@Z + 0xa1)\n\t0x7ff7cb1e24e7: quartus + 0x24e7 (WinMain + 0x127)\n\t0x7ff7cb1e1e58: quartus + 0x1e58 (__tmainCRTStartup + 0x148)\n\t0x7ffa376e259c: KERNEL32 + 0x1259c (BaseThreadInitThunk + 0x1c)\n\t0x7ffa3888af37: ntdll + 0x5af37 (RtlUserThreadStart + 0x27)\n",
		"subsystem" : "unknown"
	},
	"quartus" : {
		"quartus_bits" : "64",
		"version" : "18.1.0",
		"build" : "625",
		"edition" : "Lite Edition"
	}
}