{
	"partitions" : [
		{
			"name" : "Top",
			"pins" : [
				{
					"name" : "ALU_output_out[0]",
					"strict" : false
				},
				{
					"name" : "ALU_output_out[1]",
					"strict" : false
				},
				{
					"name" : "ALU_output_out[2]",
					"strict" : false
				},
				{
					"name" : "ALU_output_out[3]",
					"strict" : false
				},
				{
					"name" : "ALU_output_out[4]",
					"strict" : false
				},
				{
					"name" : "ALU_output_out[5]",
					"strict" : false
				},
				{
					"name" : "ALU_output_out[6]",
					"strict" : false
				},
				{
					"name" : "ALU_output_out[7]",
					"strict" : false
				},
				{
					"name" : "ALU_output_out[8]",
					"strict" : false
				},
				{
					"name" : "ALU_output_out[9]",
					"strict" : false
				},
				{
					"name" : "ALU_output_out[10]",
					"strict" : false
				},
				{
					"name" : "ALU_output_out[11]",
					"strict" : false
				},
				{
					"name" : "ALU_output_out[12]",
					"strict" : false
				},
				{
					"name" : "ALU_output_out[13]",
					"strict" : false
				},
				{
					"name" : "ALU_output_out[14]",
					"strict" : false
				},
				{
					"name" : "ALU_output_out[15]",
					"strict" : false
				},
				{
					"name" : "IR_output_out[0]",
					"strict" : false
				},
				{
					"name" : "IR_output_out[1]",
					"strict" : false
				},
				{
					"name" : "IR_output_out[2]",
					"strict" : false
				},
				{
					"name" : "IR_output_out[3]",
					"strict" : false
				},
				{
					"name" : "IR_output_out[4]",
					"strict" : false
				},
				{
					"name" : "IR_output_out[5]",
					"strict" : false
				},
				{
					"name" : "IR_output_out[6]",
					"strict" : false
				},
				{
					"name" : "IR_output_out[7]",
					"strict" : false
				},
				{
					"name" : "IR_output_out[8]",
					"strict" : false
				},
				{
					"name" : "IR_output_out[9]",
					"strict" : false
				},
				{
					"name" : "IR_output_out[10]",
					"strict" : false
				},
				{
					"name" : "IR_output_out[11]",
					"strict" : false
				},
				{
					"name" : "IR_output_out[12]",
					"strict" : false
				},
				{
					"name" : "IR_output_out[13]",
					"strict" : false
				},
				{
					"name" : "IR_output_out[14]",
					"strict" : false
				},
				{
					"name" : "IR_output_out[15]",
					"strict" : false
				},
				{
					"name" : "PC_output_out[0]",
					"strict" : false
				},
				{
					"name" : "PC_output_out[1]",
					"strict" : false
				},
				{
					"name" : "PC_output_out[2]",
					"strict" : false
				},
				{
					"name" : "PC_output_out[3]",
					"strict" : false
				},
				{
					"name" : "PC_output_out[4]",
					"strict" : false
				},
				{
					"name" : "PC_output_out[5]",
					"strict" : false
				},
				{
					"name" : "PC_output_out[6]",
					"strict" : false
				},
				{
					"name" : "PC_output_out[7]",
					"strict" : false
				},
				{
					"name" : "PC_output_out[8]",
					"strict" : false
				},
				{
					"name" : "PC_output_out[9]",
					"strict" : false
				},
				{
					"name" : "PC_output_out[10]",
					"strict" : false
				},
				{
					"name" : "PC_output_out[11]",
					"strict" : false
				},
				{
					"name" : "PC_output_out[12]",
					"strict" : false
				},
				{
					"name" : "PC_output_out[13]",
					"strict" : false
				},
				{
					"name" : "PC_output_out[14]",
					"strict" : false
				},
				{
					"name" : "PC_output_out[15]",
					"strict" : false
				},
				{
					"name" : "SE_out_out[0]",
					"strict" : false
				},
				{
					"name" : "SE_out_out[1]",
					"strict" : false
				},
				{
					"name" : "SE_out_out[2]",
					"strict" : false
				},
				{
					"name" : "SE_out_out[3]",
					"strict" : false
				},
				{
					"name" : "SE_out_out[4]",
					"strict" : false
				},
				{
					"name" : "SE_out_out[5]",
					"strict" : false
				},
				{
					"name" : "SE_out_out[6]",
					"strict" : false
				},
				{
					"name" : "SE_out_out[7]",
					"strict" : false
				},
				{
					"name" : "SE_out_out[8]",
					"strict" : false
				},
				{
					"name" : "SE_out_out[9]",
					"strict" : false
				},
				{
					"name" : "SE_out_out[10]",
					"strict" : false
				},
				{
					"name" : "SE_out_out[11]",
					"strict" : false
				},
				{
					"name" : "SE_out_out[12]",
					"strict" : false
				},
				{
					"name" : "SE_out_out[13]",
					"strict" : false
				},
				{
					"name" : "SE_out_out[14]",
					"strict" : false
				},
				{
					"name" : "SE_out_out[15]",
					"strict" : false
				},
				{
					"name" : "T3_output_out[0]",
					"strict" : false
				},
				{
					"name" : "T3_output_out[1]",
					"strict" : false
				},
				{
					"name" : "T3_output_out[2]",
					"strict" : false
				},
				{
					"name" : "T3_output_out[3]",
					"strict" : false
				},
				{
					"name" : "T3_output_out[4]",
					"strict" : false
				},
				{
					"name" : "T3_output_out[5]",
					"strict" : false
				},
				{
					"name" : "T3_output_out[6]",
					"strict" : false
				},
				{
					"name" : "T3_output_out[7]",
					"strict" : false
				},
				{
					"name" : "T3_output_out[8]",
					"strict" : false
				},
				{
					"name" : "T3_output_out[9]",
					"strict" : false
				},
				{
					"name" : "T3_output_out[10]",
					"strict" : false
				},
				{
					"name" : "T3_output_out[11]",
					"strict" : false
				},
				{
					"name" : "T3_output_out[12]",
					"strict" : false
				},
				{
					"name" : "T3_output_out[13]",
					"strict" : false
				},
				{
					"name" : "T3_output_out[14]",
					"strict" : false
				},
				{
					"name" : "T3_output_out[15]",
					"strict" : false
				},
				{
					"name" : "T4_output_out[0]",
					"strict" : false
				},
				{
					"name" : "T4_output_out[1]",
					"strict" : false
				},
				{
					"name" : "T4_output_out[2]",
					"strict" : false
				},
				{
					"name" : "T4_output_out[3]",
					"strict" : false
				},
				{
					"name" : "T4_output_out[4]",
					"strict" : false
				},
				{
					"name" : "T4_output_out[5]",
					"strict" : false
				},
				{
					"name" : "T4_output_out[6]",
					"strict" : false
				},
				{
					"name" : "T4_output_out[7]",
					"strict" : false
				},
				{
					"name" : "T4_output_out[8]",
					"strict" : false
				},
				{
					"name" : "T4_output_out[9]",
					"strict" : false
				},
				{
					"name" : "T4_output_out[10]",
					"strict" : false
				},
				{
					"name" : "T4_output_out[11]",
					"strict" : false
				},
				{
					"name" : "T4_output_out[12]",
					"strict" : false
				},
				{
					"name" : "T4_output_out[13]",
					"strict" : false
				},
				{
					"name" : "T4_output_out[14]",
					"strict" : false
				},
				{
					"name" : "T4_output_out[15]",
					"strict" : false
				},
				{
					"name" : "D1_RF_mux4_out[0]",
					"strict" : false
				},
				{
					"name" : "D1_RF_mux4_out[1]",
					"strict" : false
				},
				{
					"name" : "D1_RF_mux4_out[2]",
					"strict" : false
				},
				{
					"name" : "D1_RF_mux4_out[3]",
					"strict" : false
				},
				{
					"name" : "D1_RF_mux4_out[4]",
					"strict" : false
				},
				{
					"name" : "D1_RF_mux4_out[5]",
					"strict" : false
				},
				{
					"name" : "D1_RF_mux4_out[6]",
					"strict" : false
				},
				{
					"name" : "D1_RF_mux4_out[7]",
					"strict" : false
				},
				{
					"name" : "D1_RF_mux4_out[8]",
					"strict" : false
				},
				{
					"name" : "D1_RF_mux4_out[9]",
					"strict" : false
				},
				{
					"name" : "D1_RF_mux4_out[10]",
					"strict" : false
				},
				{
					"name" : "D1_RF_mux4_out[11]",
					"strict" : false
				},
				{
					"name" : "D1_RF_mux4_out[12]",
					"strict" : false
				},
				{
					"name" : "D1_RF_mux4_out[13]",
					"strict" : false
				},
				{
					"name" : "D1_RF_mux4_out[14]",
					"strict" : false
				},
				{
					"name" : "D1_RF_mux4_out[15]",
					"strict" : false
				},
				{
					"name" : "D2_RF_mux5_out[0]",
					"strict" : false
				},
				{
					"name" : "D2_RF_mux5_out[1]",
					"strict" : false
				},
				{
					"name" : "D2_RF_mux5_out[2]",
					"strict" : false
				},
				{
					"name" : "D2_RF_mux5_out[3]",
					"strict" : false
				},
				{
					"name" : "D2_RF_mux5_out[4]",
					"strict" : false
				},
				{
					"name" : "D2_RF_mux5_out[5]",
					"strict" : false
				},
				{
					"name" : "D2_RF_mux5_out[6]",
					"strict" : false
				},
				{
					"name" : "D2_RF_mux5_out[7]",
					"strict" : false
				},
				{
					"name" : "D2_RF_mux5_out[8]",
					"strict" : false
				},
				{
					"name" : "D2_RF_mux5_out[9]",
					"strict" : false
				},
				{
					"name" : "D2_RF_mux5_out[10]",
					"strict" : false
				},
				{
					"name" : "D2_RF_mux5_out[11]",
					"strict" : false
				},
				{
					"name" : "D2_RF_mux5_out[12]",
					"strict" : false
				},
				{
					"name" : "D2_RF_mux5_out[13]",
					"strict" : false
				},
				{
					"name" : "D2_RF_mux5_out[14]",
					"strict" : false
				},
				{
					"name" : "D2_RF_mux5_out[15]",
					"strict" : false
				},
				{
					"name" : "Reg_1_out[0]",
					"strict" : false
				},
				{
					"name" : "Reg_1_out[1]",
					"strict" : false
				},
				{
					"name" : "Reg_1_out[2]",
					"strict" : false
				},
				{
					"name" : "Reg_1_out[3]",
					"strict" : false
				},
				{
					"name" : "Reg_1_out[4]",
					"strict" : false
				},
				{
					"name" : "Reg_1_out[5]",
					"strict" : false
				},
				{
					"name" : "Reg_1_out[6]",
					"strict" : false
				},
				{
					"name" : "Reg_1_out[7]",
					"strict" : false
				},
				{
					"name" : "Reg_1_out[8]",
					"strict" : false
				},
				{
					"name" : "Reg_1_out[9]",
					"strict" : false
				},
				{
					"name" : "Reg_1_out[10]",
					"strict" : false
				},
				{
					"name" : "Reg_1_out[11]",
					"strict" : false
				},
				{
					"name" : "Reg_1_out[12]",
					"strict" : false
				},
				{
					"name" : "Reg_1_out[13]",
					"strict" : false
				},
				{
					"name" : "Reg_1_out[14]",
					"strict" : false
				},
				{
					"name" : "Reg_1_out[15]",
					"strict" : false
				},
				{
					"name" : "Reg_2_out[0]",
					"strict" : false
				},
				{
					"name" : "Reg_2_out[1]",
					"strict" : false
				},
				{
					"name" : "Reg_2_out[2]",
					"strict" : false
				},
				{
					"name" : "Reg_2_out[3]",
					"strict" : false
				},
				{
					"name" : "Reg_2_out[4]",
					"strict" : false
				},
				{
					"name" : "Reg_2_out[5]",
					"strict" : false
				},
				{
					"name" : "Reg_2_out[6]",
					"strict" : false
				},
				{
					"name" : "Reg_2_out[7]",
					"strict" : false
				},
				{
					"name" : "Reg_2_out[8]",
					"strict" : false
				},
				{
					"name" : "Reg_2_out[9]",
					"strict" : false
				},
				{
					"name" : "Reg_2_out[10]",
					"strict" : false
				},
				{
					"name" : "Reg_2_out[11]",
					"strict" : false
				},
				{
					"name" : "Reg_2_out[12]",
					"strict" : false
				},
				{
					"name" : "Reg_2_out[13]",
					"strict" : false
				},
				{
					"name" : "Reg_2_out[14]",
					"strict" : false
				},
				{
					"name" : "Reg_2_out[15]",
					"strict" : false
				},
				{
					"name" : "Reg_3_out[0]",
					"strict" : false
				},
				{
					"name" : "Reg_3_out[1]",
					"strict" : false
				},
				{
					"name" : "Reg_3_out[2]",
					"strict" : false
				},
				{
					"name" : "Reg_3_out[3]",
					"strict" : false
				},
				{
					"name" : "Reg_3_out[4]",
					"strict" : false
				},
				{
					"name" : "Reg_3_out[5]",
					"strict" : false
				},
				{
					"name" : "Reg_3_out[6]",
					"strict" : false
				},
				{
					"name" : "Reg_3_out[7]",
					"strict" : false
				},
				{
					"name" : "Reg_3_out[8]",
					"strict" : false
				},
				{
					"name" : "Reg_3_out[9]",
					"strict" : false
				},
				{
					"name" : "Reg_3_out[10]",
					"strict" : false
				},
				{
					"name" : "Reg_3_out[11]",
					"strict" : false
				},
				{
					"name" : "Reg_3_out[12]",
					"strict" : false
				},
				{
					"name" : "Reg_3_out[13]",
					"strict" : false
				},
				{
					"name" : "Reg_3_out[14]",
					"strict" : false
				},
				{
					"name" : "Reg_3_out[15]",
					"strict" : false
				},
				{
					"name" : "data_show[0]",
					"strict" : false
				},
				{
					"name" : "data_show[1]",
					"strict" : false
				},
				{
					"name" : "data_show[2]",
					"strict" : false
				},
				{
					"name" : "data_show[3]",
					"strict" : false
				},
				{
					"name" : "data_show[4]",
					"strict" : false
				},
				{
					"name" : "data_show[5]",
					"strict" : false
				},
				{
					"name" : "data_show[6]",
					"strict" : false
				},
				{
					"name" : "data_show[7]",
					"strict" : false
				},
				{
					"name" : "data_show[8]",
					"strict" : false
				},
				{
					"name" : "data_show[9]",
					"strict" : false
				},
				{
					"name" : "data_show[10]",
					"strict" : false
				},
				{
					"name" : "data_show[11]",
					"strict" : false
				},
				{
					"name" : "data_show[12]",
					"strict" : false
				},
				{
					"name" : "data_show[13]",
					"strict" : false
				},
				{
					"name" : "data_show[14]",
					"strict" : false
				},
				{
					"name" : "data_show[15]",
					"strict" : false
				},
				{
					"name" : "state_k_out[0]",
					"strict" : false
				},
				{
					"name" : "state_k_out[1]",
					"strict" : false
				},
				{
					"name" : "state_k_out[2]",
					"strict" : false
				},
				{
					"name" : "state_k_out[3]",
					"strict" : false
				},
				{
					"name" : "state_k_out[5]",
					"strict" : false
				},
				{
					"name" : "state_k_out[6]",
					"strict" : false
				},
				{
					"name" : "zflag_out",
					"strict" : false
				},
				{
					"name" : "clk",
					"strict" : false
				}
			]
		}
	]
}